use assignment3;

insert into cast (birthdate, name, surname) values('1959-05-01', "Keanu", "Reeves");
insert into cast (birthdate, name, surname) values('1961-07-30', "Laurence", "Fishburne");
insert into cast (birthdate, name, surname) values('1967-08-21', "Carrie-Anne", "Moss");
insert into cast (birthdate, name, surname) values('1981-01-28', "Elijah", "Wood");
insert into cast (birthdate, name, surname) values('1939-05-25', "Ian", "McKellen");
insert into cast (birthdate, name, surname) values('1958-10-20', "Viggo", "Mortensen");
insert into cast (birthdate, name, surname) values('1977-07-1', "Liv", "Tyler");
insert into cast (birthdate, name, surname) values('1943-08-17', "Robert", "De Niro");
insert into cast (birthdate, name, surname) values('1962-11-19', "Jodie", "Foster");
insert into cast (birthdate, name, surname) values('1947-07-22', "Albert", "Brooks");
insert into cast (birthdate, name, surname) values('1936-05-30', "Keir", "Dullea");
insert into cast (birthdate, name, surname) values('1937-02-21', "Gary", "Lockwood");
insert into cast (birthdate, name, surname) values('1974-11-11', "Leonardo", "DiCaprio");
insert into cast (birthdate, name, surname) values('1975-10-5', "Kate", "Winslet");
insert into cast (birthdate, name, surname) values('1966-02-24', "William", "George");
insert into cast (birthdate, name, surname) values('1981-05-12', "Rami", "Malek");
insert into cast (birthdate, name, surname) values('1994-01-17', "Lucy", "Boynton");
insert into cast (birthdate, name, surname) values('1970-10-08', "Matt", "Damon");
insert into cast (birthdate, name, surname) values('1974-10-28', "Joaquin", "Phoenix");
insert into cast (birthdate, name, surname) values('1968-03-02', "Daniel", "Craig");
insert into cast (birthdate, name, surname) values('1980-07-06', "Eva", "Green");
insert into cast (birthdate, name, surname) values('1979-11-14', "Olga", "Kurylenko");
insert into cast (birthdate, name, surname) values('1969-03-01', "Javier", "Bardem");
insert into cast (birthdate, name, surname) values('1934-12-09', "Judi", "Dench");
insert into cast (birthdate, name, surname) values('1956-10-04', "Christoph", "Waltz");
insert into cast (birthdate, name, surname) values('1985-07-01', "Léa", "Seydoux");
insert into cast (birthdate, name, surname) values('1948-12-14', "Dee", "Wallace");
insert into cast (birthdate, name, surname) values('1971-11-9', "Henry", "Thomas");
insert into cast (birthdate, name, surname) values('1969-11-4', "Matthew", "McConaughey");
insert into cast (birthdate, name, surname) values('1982-11-12', "Anne", "Hathaway");
insert into cast (birthdate, name, surname) values('1965-04-04', "Robert", "Downey Jr.");
insert into cast (birthdate, name, surname) values('1981-06-13', "Chris", "Evans");
insert into cast (birthdate, name, surname) values('1967-11-22', "Mark", "Ruffalo");
insert into cast (birthdate, name, surname) values('1983-08-11', "Chris", "Hemsworth");
insert into cast (birthdate, name, surname) values('1984-11-22', "Scarlett", "Johansson");
insert into cast (birthdate, name, surname) values('1990-08-24', "Elizabeth", "Debicki");
insert into cast (birthdate, name, surname) values('1986-05-13', "Robert", "Pattinson");
insert into cast (birthdate, name, surname) values('1924-04-03', "Marlon", "Brando");
insert into cast (birthdate, name, surname) values('1940-04-25', "Alfredo", "Al Pacino");
insert into cast (birthdate, name, surname) values('1931-05-01', "Robert ", "Duvall");
insert into cast (birthdate, name, surname) values('1981-02-17', "Joseph ", "Gordon-Levitt");
insert into cast (birthdate, name, surname) values('1977-03-24', "Jessica", "Chastain");
insert into cast (birthdate, name, surname) values('1946-01-05', "Diane", "Keaton");


insert into movie(movie_title, director, genre, year) values("The Matrix Revolutions", "Wachoski", "Science fiction, Thriller", 2003); 
insert into movie(movie_title, director, genre, year, sequel) values("The Matrix Reloaded", "Wachoski", "Sci-fi, Thriller", 2003, "The Matrix Revolutions");
insert into movie(movie_title, director, genre, year, sequel) values("The Matrix", "Wachoski", "Sci-fi, Thriller", 1999, "The Matrix Reloaded");
insert into movie(movie_title, director, genre, year) values("The Lord of the Rings: The Return of the King", "Peter Jackson", "Adventure, Epic fantasy", 2003);
insert into movie(movie_title, director, genre, year, sequel) values("The Lord of the Rings: The Two Towers", "Peter Jackson", "Adventure, Epic fantasy", 2002, "The Lord of the Rings: The Return of the King");
insert into movie(movie_title, director, genre, year, sequel) values("The Lord of the Rings: The Fellowship of the Ring", "Peter Jackson", "Adventure, Epic fantasy", 2001, "The Lord of the Rings: The Two Towers");
insert into movie(movie_title, director, genre, year) values("Inception", "Christopher Nolan", "Science fiction, Action, Thriller", 2010);
insert into movie(movie_title, director, genre, year) values("Spectre", "Sam Mandes", "Action, Thriller", 2015);
insert into movie(movie_title, director, genre, year, sequel) values("Skyfall", "Sam Mandes", "Action, Thriller", 2012, "Spectre");
insert into movie(movie_title, director, genre, year, sequel) values("Quantum of Solace", "Marc Forster", "Action, Thriller", 2008, "Skyfall");
insert into movie(movie_title, director, genre, year, sequel) values("Casino Royale", "Martin Campbell", "Action, Thriller", 2006, "Quantum of Solace");
insert into movie(movie_title, director, genre, year) values("Taxi driver", "Martin Scorsese", "Thriller, Drama", 1976);
insert into movie(movie_title, director, genre, year) values("Avengers: Endgame", "Anthony and Joe Russo", "Action, Adventure, Superhero fiction", 2019);
insert into movie(movie_title, director, genre, year, sequel) values("Avengers: Infinity War", "Anthony and Joe Russo", "Action, Adventure, Superhero fiction", 2018, "Avengers: Endgame");
insert into movie(movie_title, director, genre, year, sequel) values("Avengers: Age of Ultron", "	Joss Whedon", "Action, Adventure, Superhero fiction", 2015, "Avengers: Infinity War");
insert into movie(movie_title, director, genre, year, sequel) values("The Avengers", "Joss Whedon", "Action, Adventure, Superhero fiction", 2012, "Avengers: Age of Ultron");
insert into movie(movie_title, director, genre, year) values("Bohemian Rhapsody", "Bryan Singer", "Biographical, Drama", 2018);
insert into movie(movie_title, director, genre, year) values("2001: A Space Odyssey", "Stanley Kubrick", "Science fiction", 1968);
insert into movie(movie_title, director, genre, year) values("The martian", "Ridley Scott", "Science fiction", 2015);
insert into movie(movie_title, director, genre, year) values("Joker", "Todd Philips", "Thriller", 2019);
insert into movie(movie_title, director, genre, year) values("Titanic", "James Cameron", "Epic romance", 1997);
insert into movie(movie_title, director, genre, year) values("Interstellar", "Christopher Nolan", "Science fiction", 2014);
insert into movie(movie_title, director, genre, year) values("Tenet", "Christopher Nolan", "Science fiction, Action, Thriller", 2020);
insert into movie(movie_title, director, genre, year) values("E.T. the Extra-Terrestrial", "Steven Spielberg", "Science fiction", 1982);
insert into movie(movie_title, director, genre, year) values("The Godfather Part III", "Francis Ford Coppola", "Crime", 1990);
insert into movie(movie_title, director, genre, year, sequel) values("The Godfather Part II", "Francis Ford Coppola", "Crime", 1974, "The Godfather Part III");
insert into movie(movie_title, director, genre, year, sequel) values("The Godfather", "Francis Ford Coppola", "Crime", 1972, "The Godfather Part II");


insert into act(movie_title, cast_id) values("The Matrix Revolutions", 1);
insert into act(movie_title, cast_id) values("The Matrix Revolutions", 2);
insert into act(movie_title, cast_id) values("The Matrix Revolutions", 3);
insert into act(movie_title, cast_id) values("The Matrix Reloaded", 1);
insert into act(movie_title, cast_id) values("The Matrix Reloaded", 2);
insert into act(movie_title, cast_id) values("The Matrix Reloaded", 3);
insert into act(movie_title, cast_id) values("The Matrix", 1);
insert into act(movie_title, cast_id) values("The Matrix", 2);
insert into act(movie_title, cast_id) values("The Matrix", 3);
insert into act(movie_title, cast_id) values("The Lord of the Rings: The Return of the King", 4);
insert into act(movie_title, cast_id) values("The Lord of the Rings: The Return of the King", 5);
insert into act(movie_title, cast_id) values("The Lord of the Rings: The Return of the King", 6);
insert into act(movie_title, cast_id) values("The Lord of the Rings: The Return of the King", 7);
insert into act(movie_title, cast_id) values("The Lord of the Rings: The Two Towers", 4);
insert into act(movie_title, cast_id) values("The Lord of the Rings: The Two Towers", 5);
insert into act(movie_title, cast_id) values("The Lord of the Rings: The Two Towers", 6);
insert into act(movie_title, cast_id) values("The Lord of the Rings: The Two Towers", 7);
insert into act(movie_title, cast_id) values("The Lord of the Rings: The Fellowship of the Ring", 4);
insert into act(movie_title, cast_id) values("The Lord of the Rings: The Fellowship of the Ring", 5);
insert into act(movie_title, cast_id) values("The Lord of the Rings: The Fellowship of the Ring", 6);
insert into act(movie_title, cast_id) values("The Lord of the Rings: The Fellowship of the Ring", 7);
insert into act(movie_title, cast_id) values("Inception", 13);
insert into act(movie_title, cast_id) values("Inception", 41);
insert into act(movie_title, cast_id) values("Spectre", 20);
insert into act(movie_title, cast_id) values("Spectre", 25);
insert into act(movie_title, cast_id) values("Spectre", 26);
insert into act(movie_title, cast_id) values("Skyfall", 20);
insert into act(movie_title, cast_id) values("Skyfall", 23);
insert into act(movie_title, cast_id) values("Skyfall", 24);
insert into act(movie_title, cast_id) values("Quantum of Solace", 20);
insert into act(movie_title, cast_id) values("Quantum of Solace", 22);
insert into act(movie_title, cast_id) values("Quantum of Solace", 24);
insert into act(movie_title, cast_id) values("Casino Royale", 20);
insert into act(movie_title, cast_id) values("Casino Royale", 21);
insert into act(movie_title, cast_id) values("Casino Royale", 24);
insert into act(movie_title, cast_id) values("Taxi driver", 8);
insert into act(movie_title, cast_id) values("Taxi driver", 9);
insert into act(movie_title, cast_id) values("Taxi driver", 10);
insert into act(movie_title, cast_id) values("Avengers: Endgame", 31);
insert into act(movie_title, cast_id) values("Avengers: Endgame", 32);
insert into act(movie_title, cast_id) values("Avengers: Endgame", 33);
insert into act(movie_title, cast_id) values("Avengers: Endgame", 34);
insert into act(movie_title, cast_id) values("Avengers: Endgame", 35);
insert into act(movie_title, cast_id) values("Avengers: Infinity War", 31);
insert into act(movie_title, cast_id) values("Avengers: Infinity War", 32);
insert into act(movie_title, cast_id) values("Avengers: Infinity War", 33);
insert into act(movie_title, cast_id) values("Avengers: Infinity War", 34);
insert into act(movie_title, cast_id) values("Avengers: Infinity War", 35);
insert into act(movie_title, cast_id) values("Avengers: Age of Ultron", 31);
insert into act(movie_title, cast_id) values("Avengers: Age of Ultron", 32);
insert into act(movie_title, cast_id) values("Avengers: Age of Ultron", 33);
insert into act(movie_title, cast_id) values("Avengers: Age of Ultron", 34);
insert into act(movie_title, cast_id) values("Avengers: Age of Ultron", 35);
insert into act(movie_title, cast_id) values("The Avengers", 31);
insert into act(movie_title, cast_id) values("The Avengers", 32);
insert into act(movie_title, cast_id) values("The Avengers", 33);
insert into act(movie_title, cast_id) values("The Avengers", 34);
insert into act(movie_title, cast_id) values("The Avengers", 35);
insert into act(movie_title, cast_id) values("Bohemian Rhapsody", 16);
insert into act(movie_title, cast_id) values("Bohemian Rhapsody", 17);
insert into act(movie_title, cast_id) values("2001: A Space Odyssey", 11);
insert into act(movie_title, cast_id) values("2001: A Space Odyssey", 12);
insert into act(movie_title, cast_id) values("The martian", 18);
insert into act(movie_title, cast_id) values("The martian", 42);
insert into act(movie_title, cast_id) values("Joker", 19);
insert into act(movie_title, cast_id) values("Joker", 8);
insert into act(movie_title, cast_id) values("Titanic", 13);
insert into act(movie_title, cast_id) values("Titanic", 14);
insert into act(movie_title, cast_id) values("Titanic", 15);
insert into act(movie_title, cast_id) values("Interstellar", 29);
insert into act(movie_title, cast_id) values("Interstellar", 30);
insert into act(movie_title, cast_id) values("Tenet", 36);
insert into act(movie_title, cast_id) values("Tenet", 37);
insert into act(movie_title, cast_id) values("E.T. the Extra-Terrestrial", 27);
insert into act(movie_title, cast_id) values("E.T. the Extra-Terrestrial", 28);
insert into act(movie_title, cast_id) values("The Godfather Part III", 39);
insert into act(movie_title, cast_id) values("The Godfather Part III", 43);
insert into act(movie_title, cast_id) values("The Godfather Part II", 39);
insert into act(movie_title, cast_id) values("The Godfather Part II", 8);
insert into act(movie_title, cast_id) values("The Godfather", 38);
insert into act(movie_title, cast_id) values("The Godfather", 39);
insert into act(movie_title, cast_id) values("The Godfather", 40);


insert into customer values("mario.rossi@gmail.com", "MarioRossi91", "$2a$10$NyFTH0.bKMQ0AQIiE8D6z.ayyjH17w0PCzjFTRLOmTXlYthaa8g6C", '2020-11-05');
insert into customer values("giovanni.verdi@gmail.com", "Gio.Verdi", "$2a$10$3wbH60MvjpUfdIh3FnZ20OFodjZk50t81i2Vv3Sg3hYu4g1rCHtIG", '2020-10-09');
insert into customer values("federico.bianchi@outlook.com", "Fede", "$2a$10$bCoXysbTP0oJFa5XXqfzAOhxESFOjacP3sCdfkB3M8UfeXgfBO2rS", '2020-12-12');
insert into customer values("fio.marino@outlook.com", "FiorenzaMarino", "$2a$10$D6seKBJeX2KMHLPijdtdQe6PqcpmTU92AxAM.a7.J1dSlswH4hrpC", '2020-11-29');
insert into customer values("degna.davide@outlook.com", "DD82", "$2a$10$B9ZKwFPmL7Bw6OijsMldpO6ICys4SrC4DfvnSMvxY9ewF4D/RAWQK", '2020-12-07');


insert into admin(email, nickname, password) values ("john.doe@outlook.com", "johnDoe", "$2a$10$k9LB4PXExSQK./Vh.3E2YuHmPgbjbql4ZxbT8V30YX4HKM.7STtoS");
insert into admin(email, nickname, password) values ("a.rossi@gmail.com", "AntonioRossi", "$2a$10$lTH15krKLshgLqzIz2yO5.Kmt6KcyMm0GbaZ2xhaKzHrkHa4HgTPG");



insert into copy(movie_title) values("The Matrix");
insert into copy(movie_title) values("The Matrix");
insert into copy(movie_title) values("The Matrix");
insert into copy(email, movie_title) values("mario.rossi@gmail.com", "The Matrix Reloaded");
insert into copy(movie_title) values("The Matrix Reloaded");
insert into copy(movie_title) values("The Matrix Reloaded");
insert into copy(movie_title) values("The Matrix Revolutions");
insert into copy(movie_title) values("The Matrix Revolutions");
insert into copy(email, movie_title) values("federico.bianchi@outlook.com", "The Lord of the Rings: The Fellowship of the Ring");
insert into copy(email, movie_title) values("fio.marino@outlook.com", "The Lord of the Rings: The Fellowship of the Ring");
insert into copy(movie_title) values("The Lord of the Rings: The Two Towers");
insert into copy(movie_title) values("The Lord of the Rings: The Two Towers");
insert into copy(movie_title) values("The Lord of the Rings: The Return of the King");
insert into copy(movie_title) values("The Lord of the Rings: The Two Towers");
insert into copy(email, movie_title) values("degna.davide@outlook.com", "Inception");
insert into copy(movie_title) values("Inception");
insert into copy(movie_title) values("Casino Royale");
insert into copy(email, movie_title) values("giovanni.verdi@gmail.com", "Casino Royale");
insert into copy(email, movie_title) values("giovanni.verdi@gmail.com", "Quantum of Solace");
insert into copy(movie_title) values("Quantum of Solace");
insert into copy(movie_title) values("Quantum of Solace");
insert into copy(movie_title) values("Skyfall");
insert into copy(movie_title) values("Skyfall");
insert into copy(email, movie_title) values("federico.bianchi@outlook.com", "Spectre");
insert into copy(movie_title) values("Spectre");
insert into copy(movie_title) values("Taxi driver");
insert into copy(movie_title) values("The Avengers");
insert into copy(movie_title) values("The Avengers");
insert into copy(movie_title) values("Avengers: Age of Ultron");
insert into copy(movie_title) values("Avengers: Infinity War");
insert into copy(email, movie_title) values("degna.davide@outlook.com", "Avengers: Infinity War");
insert into copy(email, movie_title) values("degna.davide@outlook.com", "Avengers: Endgame");
insert into copy(movie_title) values("Avengers: Endgame");
insert into copy(movie_title) values("Avengers: Endgame");
insert into copy(movie_title) values("Bohemian Rhapsody");
insert into copy(movie_title) values("Bohemian Rhapsody");
insert into copy(movie_title) values("2001: A Space Odyssey");
insert into copy(movie_title) values("The martian");
insert into copy(movie_title) values("The martian");
insert into copy(email, movie_title) values("mario.rossi@gmail.com", "Joker");
insert into copy(movie_title) values("Joker");
insert into copy(movie_title) values("Titanic");
insert into copy(email, movie_title) values("fio.marino@outlook.com", "Interstellar");
insert into copy(movie_title) values("Interstellar");
insert into copy(movie_title) values("Tenet");
insert into copy(movie_title) values("Tenet");
insert into copy(movie_title) values("E.T. the Extra-Terrestrial");
insert into copy(movie_title) values("The Godfather");
insert into copy(movie_title) values("The Godfather");
insert into copy(movie_title) values("The Godfather Part II");
insert into copy(movie_title) values("The Godfather Part III");


insert into manage values(1, "john.doe@outlook.com");
insert into manage values(2, "john.doe@outlook.com");
insert into manage values(3, "a.rossi@gmail.com");
insert into manage values(4, "john.doe@outlook.com");
insert into manage values(5, "john.doe@outlook.com");
insert into manage values(6, "a.rossi@gmail.com");
insert into manage values(7, "john.doe@outlook.com");
insert into manage values(8, "john.doe@outlook.com");
insert into manage values(9, "john.doe@outlook.com");
insert into manage values(10, "a.rossi@gmail.com");
insert into manage values(11, "john.doe@outlook.com");

insert into manage values(12, "john.doe@outlook.com");
insert into manage values(12, "a.rossi@gmail.com");

insert into manage values(13, "john.doe@outlook.com");
insert into manage values(14, "john.doe@outlook.com");
insert into manage values(15, "a.rossi@gmail.com");
insert into manage values(16, "john.doe@outlook.com");

insert into manage values(17, "john.doe@outlook.com");
insert into manage values(17, "a.rossi@gmail.com");

insert into manage values(18, "a.rossi@gmail.com");
insert into manage values(19, "john.doe@outlook.com");
insert into manage values(20, "a.rossi@gmail.com");
insert into manage values(21, "john.doe@outlook.com");
insert into manage values(22, "john.doe@outlook.com");
insert into manage values(23, "john.doe@outlook.com");
insert into manage values(24, "a.rossi@gmail.com");
insert into manage values(25, "john.doe@outlook.com");
insert into manage values(26, "john.doe@outlook.com");
insert into manage values(27, "john.doe@outlook.com");
insert into manage values(28, "john.doe@outlook.com");
insert into manage values(29, "john.doe@outlook.com");
insert into manage values(30, "john.doe@outlook.com");
insert into manage values(31, "john.doe@outlook.com");
insert into manage values(32, "john.doe@outlook.com");
insert into manage values(33, "a.rossi@gmail.com");
insert into manage values(34, "john.doe@outlook.com");
insert into manage values(35, "john.doe@outlook.com");
insert into manage values(36, "john.doe@outlook.com");
insert into manage values(37, "john.doe@outlook.com");
insert into manage values(38, "a.rossi@gmail.com");
insert into manage values(39, "john.doe@outlook.com");
insert into manage values(40, "john.doe@outlook.com");
insert into manage values(41, "a.rossi@gmail.com");
insert into manage values(42, "john.doe@outlook.com");
insert into manage values(43, "a.rossi@gmail.com");
insert into manage values(44, "john.doe@outlook.com");
insert into manage values(45, "john.doe@outlook.com");
insert into manage values(46, "a.rossi@gmail.com");

insert into manage values(47, "john.doe@outlook.com");
insert into manage values(47, "a.rossi@gmail.com");

insert into manage values(48, "john.doe@outlook.com");
insert into manage values(49, "a.rossi@gmail.com");
insert into manage values(50, "john.doe@outlook.com");
